Path,Size,Ext
C:\Users\User\OneDrive\Desktop\C언어\기말\2차원 배열1.txt,505,.txt
C:\Users\User\OneDrive\Desktop\C언어\기말\test3.txt,219,.txt
C:\Users\User\OneDrive\Desktop\C언어\기말\구조체+배열+포인터 1.txt,935,.txt
C:\Users\User\OneDrive\Desktop\C언어\기말\수업소스코드0605_2.txt,266,.txt
C:\Users\User\OneDrive\Desktop\C언어\(주)소만사 포트폴리오\src\EndpointFileScanner\x64\Debug\EndpointFileScanner.exe,886784,.exe
C:\Users\User\OneDrive\Desktop\C언어\기말\2차원 배열2.txt,533,.txt
C:\Users\User\OneDrive\Desktop\C언어\기말\test4.txt,189,.txt
C:\Users\User\OneDrive\Desktop\C언어\기말\구조체+배열+포인터 2.txt,390,.txt
C:\Users\User\OneDrive\Desktop\C언어\기말\수업소스코드0605_구조체의 포인터형.txt,765,.txt
C:\Users\User\OneDrive\Desktop\C언어\기말\test5.txt,240,.txt
C:\Users\User\OneDrive\Desktop\C언어\기말\구조체+배열+포인터 3.txt,371,.txt
C:\Users\User\OneDrive\Desktop\C언어\(주)소만사 포트폴리오\src\EndpointFileScanner\.vs\EndpointFileScanner\v17\HierarchyCache.v1.txt,26863,.txt
C:\Users\User\OneDrive\Desktop\C언어\기말\test2.txt,119,.txt
C:\Users\User\OneDrive\Desktop\C언어\기말\test9.txt,234,.txt
C:\Users\User\OneDrive\Desktop\C언어\기말\수업소스코드0605.txt,961,.txt
C:\Users\User\OneDrive\Desktop\C언어\비쥬얼\연습\x64\Debug\연습.exe,64000,.exe
C:\Users\User\OneDrive\Desktop\C언어\기말\2차원배열과 주소.txt,684,.txt
C:\Users\User\OneDrive\Desktop\C언어\기말\test7.txt,228,.txt
C:\Users\User\OneDrive\Desktop\C언어\기말\수업소스코드0605_구조체.txt,757,.txt
C:\Users\User\OneDrive\Desktop\C언어\비쥬얼\뱅킹시스템\x64\Debug\뱅킹시스템.exe,95232,.exe
C:\Users\User\OneDrive\Desktop\C언어\기말\test1.txt,322,.txt
C:\Users\User\OneDrive\Desktop\C언어\기말\test6.txt,233,.txt
C:\Users\User\OneDrive\Desktop\C언어\기말\구조체+배열+포인터 4.txt,124,.txt
C:\Users\User\OneDrive\Desktop\C언어\기말\수업소스코드0605_배열과 배열포인터형.txt,421,.txt
C:\Users\User\OneDrive\Desktop\C언어\비쥬얼\연습\연습4\x64\Debug\연습4.exe,75776,.exe
C:\Users\User\OneDrive\Desktop\C언어\기말\test10.txt,3320,.txt
C:\Users\User\OneDrive\Desktop\C언어\기말\test8.txt,263,.txt
C:\Users\User\OneDrive\Desktop\C언어\기말\수업소스코드0605_1.txt,262,.txt
C:\Users\User\OneDrive\Desktop\C언어\기말\배열 포인터 연산자.txt,547,.txt
C:\Users\User\OneDrive\Desktop\C언어\비쥬얼\연습\연습\simpleFunc연습\x64\Debug\simpleFunc연습.exe,69632,.exe
